<?xml version="1.0" encoding="UTF-8" ?>
<extension type="package" version="3.0" method="upgrade">
    <name>pkg_jsn</name>
	<packagename>pkg_jsn</packagename>
	<author>JSN Project</author>
	<creationDate>December 2013</creationDate>
	<copyright>(C) 2005 - 2013 Open Source Matters. All rights reserved.</copyright>
	<license>http://www.gnu.org/licenses/gpl-2.0.html GNU/GPL</license>
	<authorEmail>fiorino.desanto@gmail.com</authorEmail>
	<authorUrl>www.joomla.org</authorUrl>
	<version>1.0.0</version>
	<packager>JSN Project</packager>
	<description>Easy Profile Package</description>

    <files folder="packages">
	
	<file type="plugin" id="jsn_auth" group="authentication">plg_jsn_auth.zip</file>
	<file type="plugin" id="jsn_system" group="system">plg_jsn_system.zip</file>
	<file type="plugin" id="jsn_users" group="user">plg_jsn_users.zip</file>
	

	<file type="component" id="com_jsn">jsn.zip</file>
	
	</files>
   
	
</extension>
