<?xml version="1.0" encoding="utf-8"?>
<extension version="3.1" type="plugin" group="authentication" method="upgrade">
	<name>Easy Profile - Authentication plugin</name>
	<author>JSN Project</author>
	<creationDate>December 2013</creationDate>
	<copyright>(C) 2005 - 2013 Open Source Matters. All rights reserved.</copyright>
	<license>http://www.gnu.org/licenses/gpl-2.0.html GNU/GPL</license>
	<authorEmail>fiorino.desanto@gmail.com</authorEmail>
	<authorUrl>www.joomla.org</authorUrl>
	<version>1.0.0</version>

	<files>
		<filename plugin="jsn_auth">jsn_auth.php</filename>
	</files>
</extension>
